city,date,resolved_temp_f
Washington DC,2025-01-20,28.5
New York,2025-01-22,21.5
New York,2025-01-23,28.5
New York,2025-01-24,34.5
New York,2025-01-25,33.5
New York,2025-01-26,43.5
New York,2025-01-28,41.5
New York,2025-01-29,52.0
New York,2025-01-30,38.5
New York,2025-01-31,48.5
New York,2025-02-01,46.0
New York,2025-02-02,32.0
New York,2025-02-03,47.5
New York,2025-02-04,49.0
New York,2025-02-05,36.5
New York,2025-02-06,40.5
New York,2025-02-07,42.5
New York,2025-02-08,34.5
New York,2025-02-09,36.5
New York,2025-02-11,36.5
New York,2025-02-12,36.5
New York,2025-02-13,47.0
New York,2025-02-14,37.5
New York,2025-02-15,36.5
New York,2025-02-16,45.0
New York,2025-02-17,36.5
New York,2025-02-18,28.5
New York,2025-02-19,30.5
New York,2025-02-20,29.5
New York,2025-02-21,35.5
New York,2025-02-22,40.5
New York,2025-02-23,47.5
New York,2025-02-24,48.5
New York,2025-02-25,55.5
New York,2025-02-26,56.5
New York,2025-02-27,55.5
New York,2025-02-28,52.5
New York,2025-03-01,63.0
New York,2025-03-02,34.5
New York,2025-03-03,40.5
New York,2025-03-04,51.5
New York,2025-03-05,55.5
New York,2025-03-06,53.5
New York,2025-03-07,50.5
New York,2025-03-08,45.5
New York,2025-03-09,53.5
New York,2025-03-10,64.0
New York,2025-03-11,61.5
New York,2025-03-12,54.5
New York,2025-03-13,45.5
New York,2025-03-14,53.5
New York,2025-03-15,48.5
New York,2025-03-16,57.5
New York,2025-03-17,58.5
New York,2025-03-18,61.5
New York,2025-03-19,61.5
New York,2025-03-20,52.5
New York,2025-03-21,50.5
New York,2025-03-22,62.5
New York,2025-03-23,47.5
New York,2025-03-24,51.5
New York,2025-03-25,59.0
New York,2025-03-26,50.5
New York,2025-03-27,51.5
New York,2025-03-28,64.5
New York,2025-03-29,81.5
New York,2025-03-30,45.5
New York,2025-03-31,68.5
New York,2025-04-01,57.5
New York,2025-04-02,48.5
New York,2025-04-03,72.0
New York,2025-04-04,74.0
New York,2025-04-05,56.0
New York,2025-04-07,49.0
New York,2025-04-08,45.5
New York,2025-04-09,48.5
New York,2025-04-10,49.5
New York,2025-04-11,45.5
New York,2025-04-12,40.5
New York,2025-04-15,67.0
New York,2025-04-14,64.5
New York,2025-04-13,56.5
New York,2025-04-16,50.5
New York,2025-04-17,63.5
New York,2025-04-18,64.5
New York,2025-04-19,84.5
New York,2025-04-20,71.0
New York,2025-04-21,56.5
New York,2025-04-23,75.5
New York,2025-04-24,74.5
New York,2025-04-25,73.5
New York,2025-04-26,73.5
New York,2025-04-27,58.5
New York,2025-04-28,76.5
New York,2025-04-29,75.5
New York,2025-04-30,73.5
New York,2025-05-01,68.5
New York,2025-05-02,83.0
New York,2025-05-03,79.0
New York,2025-05-05,63.5
New York,2025-05-06,67.5
New York,2025-05-04,70.5
New York,2025-05-07,75.5
New York,2025-05-08,76.5
New York,2025-05-10,73.5
New York,2025-05-11,78.5
New York,2025-05-13,66.5
New York,2025-05-14,64.5
New York,2025-05-15,70.5
New York,2025-05-16,72.5
New York,2025-05-17,84.5
New York,2025-05-18,74.5
New York,2025-05-19,69.5
New York,2025-05-20,65.5
New York,2025-05-21,58.5
New York,2025-05-23,61.5
New York,2025-05-24,64.5
New York,2025-05-22,52.5
New York,2025-05-25,67.5
New York,2025-05-26,73.5
New York,2025-05-27,76.5
New York,2025-05-28,65.5
New York,2025-05-29,67.5
New York,2025-05-30,74.5
New York,2025-05-31,68.5
New York,2025-06-01,66.5
New York,2025-06-02,71.5
New York,2025-06-03,78.5
New York,2025-06-04,80.5
New York,2025-06-05,87.5
New York,2025-06-06,83.5
New York,2025-06-07,77.5
New York,2025-06-08,73.5
New York,2025-06-09,69.0
New York,2025-06-10,75.5
New York,2025-06-11,82.5
New York,2025-06-12,89.5
New York,2025-06-13,76.5
New York,2025-06-14,66.5
New York,2025-06-15,64.5
New York,2025-06-16,68.5
New York,2025-06-17,67.0
New York,2025-06-18,85.5
New York,2025-06-19,87.5
New York,2025-06-20,83.5
New York,2025-06-21,88.5
New York,2025-06-22,89.0
New York,2025-06-23,93.5
New York,2025-06-24,99.5
New York,2025-06-25,98.5
New York,2025-06-26,81.5
New York,2025-06-27,73.5
New York,2025-06-28,85.0
New York,2025-06-29,90.0
New York,2025-06-30,91.5
New York,2025-07-01,89.0
New York,2025-07-02,82.5
New York,2025-07-03,91.5
New York,2025-07-04,83.5
New York,2025-07-05,86.5
New York,2025-07-06,88.5
New York,2025-07-07,85.5
New York,2025-07-08,92.0
New York,2025-07-09,92.0
New York,2025-07-10,82.5
New York,2025-07-11,83.5
New York,2025-07-12,85.5
New York,2025-07-13,84.5
New York,2025-07-14,88.0
New York,2025-07-15,86.5
New York,2025-07-16,88.5
New York,2025-07-17,93.5
New York,2025-07-18,83.5
New York,2025-07-19,82.5
New York,2025-07-20,90.5
New York,2025-07-21,84.5
New York,2025-07-22,78.5
New York,2025-07-23,81.5
New York,2025-07-24,85.5
New York,2025-07-25,97.5
New York,2025-07-26,83.5
New York,2025-07-27,86.0
New York,2025-07-28,93.5
New York,2025-07-29,100.0
New York,2025-07-30,99.0
New York,2025-07-31,86.5
New York,2025-08-01,73.5
New York,2025-08-02,79.5
New York,2025-08-03,83.5
New York,2025-08-04,88.5
New York,2025-08-05,81.5
New York,2025-08-06,77.5
New York,2025-08-07,80.5
New York,2025-08-08,79.5
New York,2025-08-09,82.5
New York,2025-08-10,89.5
New York,2025-08-11,89.5
New York,2025-08-12,90.5
New York,2025-08-13,88.5
New York,2025-08-14,89.5
New York,2025-08-15,87.5
New York,2025-08-16,83.5
New York,2025-08-17,89.5
New York,2025-08-18,76.5
New York,2025-08-19,75.5
New York,2025-08-20,70.0
New York,2025-08-21,72.5
New York,2025-08-22,84.5
New York,2025-08-23,81.5
New York,2025-08-24,80.5
New York,2025-08-25,85.5
New York,2025-08-26,79.5
New York,2025-08-27,74.5
New York,2025-08-28,76.5
New York,2025-08-29,77.5
New York,2025-08-30,76.5
New York,2025-08-31,76.5
New York,2025-09-01,76.5
New York,2025-09-02,76.5
New York,2025-09-03,77.5
New York,2025-09-04,77.5
New York,2025-09-05,82.5
New York,2025-09-06,84.5
New York,2025-09-07,69.5
New York,2025-09-08,72.5
New York,2025-09-09,72.5
New York,2025-09-10,73.5
New York,2025-09-11,78.5
New York,2025-09-12,77.5
New York,2025-09-13,76.5
New York,2025-09-14,81.5
New York,2025-09-15,79.5
New York,2025-09-16,74.5
New York,2025-09-17,72.5
New York,2025-09-18,83.0
New York,2025-09-19,82.5
New York,2025-09-20,72.5
New York,2025-09-21,68.5
New York,2025-09-22,71.5
New York,2025-09-23,82.5
New York,2025-09-24,75.5
New York,2025-09-25,78.5
New York,2025-09-26,83.5
New York,2025-09-27,77.5
New York,2025-09-28,82.0
New York,2025-09-30,79.5
New York,2025-09-29,74.0
New York,2025-10-01,68.5
New York,2025-10-02,65.5
New York,2025-10-03,71.5
New York,2025-10-04,82.5
New York,2025-10-05,83.5
New York,2025-10-06,80.5
New York,2025-10-07,77.5
New York,2025-10-08,71.5
New York,2025-10-09,58.5
New York,2025-10-10,62.5
New York,2025-10-11,65.5
New York,2025-10-12,62.5
New York,2025-10-13,59.5
New York,2025-10-14,60.5
New York,2025-10-15,68.5
New York,2025-10-16,61.5
New York,2025-10-17,64.5
New York,2025-10-18,66.5
New York,2025-10-19,69.5
New York,2025-10-20,67.5
New York,2025-10-21,67.5
New York,2025-10-22,63.5
New York,2025-10-23,60.5
New York,2025-10-24,59.5
New York,2025-10-25,59.5
New York,2025-10-26,57.0
New York,2025-10-27,55.5
New York,2025-10-28,55.5
New York,2025-10-29,54.5
New York,2025-10-30,65.0
New York,2025-10-31,59.5
New York,2025-11-01,58.5
New York,2025-11-02,60.5
New York,2025-11-03,58.5
New York,2025-11-04,59.5
New York,2025-11-05,66.5
New York,2025-11-06,54.5
New York,2025-11-07,59.5
New York,2025-11-08,65.5
New York,2025-11-09,64.5
New York,2025-11-10,57.0
New York,2025-11-11,42.5
New York,2025-11-12,49.5
New York,2025-11-13,51.5
New York,2025-11-14,51.5
New York,2025-11-15,50.5
New York,2025-11-16,55.5
New York,2025-11-17,44.5
New York,2025-11-18,46.5
New York,2025-11-19,47.5
New York,2025-11-20,47.5
New York,2025-11-21,51.5
New York,2025-11-22,51.5
New York,2025-11-23,49.5
New York,2025-11-24,51.5
New York,2025-11-25,56.5
New York,2025-11-26,59.5
New York,2025-11-27,47.5
New York,2025-11-28,43.5
New York,2025-11-29,43.5
New York,2025-11-30,47.5
New York,2025-12-01,43.5
New York,2025-12-02,41.5
New York,2025-12-03,41.5
New York,2025-12-04,43.5
New York,2025-12-05,31.5
New York,2025-12-06,42.5
New York,2025-12-07,42.5
New York,2025-12-08,37.0
New York,2025-12-09,35.5
New York,2025-12-10,46.5
New York,2025-12-11,40.5
New York,2025-12-12,35.5
New York,2025-12-13,40.5
New York,2025-12-14,34.5
New York,2025-12-15,28.5
New York,2025-12-16,33.0
New York,2025-12-17,48.0
New York,2025-12-18,50.0
New York,2025-12-19,58.5
New York,2025-12-20,38.0
New York,2025-12-21,44.5
New York,2025-12-22,38.5
New York,2025-12-23,40.5
New York,2025-12-24,44.5
New York,2025-12-25,44.0
New York,2025-12-26,28.5
New York,2025-12-27,30.5
New York,2025-12-28,36.5
New York,2025-12-29,48.0
New York,2025-12-30,32.5
New York,2025-12-31,32.5
New York,2026-01-01,34.0
New York,2026-01-02,30.5
New York,2026-01-03,30.5
New York,2026-01-04,34.5
New York,2026-01-05,34.0
New York,2026-01-06,38.5
New York,2026-01-07,48.5
New York,2026-01-08,48.5
New York,2026-01-09,48.0
New York,2026-01-10,52.5
New York,2026-01-11,46.5
New York,2026-01-12,40.5
New York,2026-01-13,46.5
New York,2026-01-14,50.5
New York,2026-01-15,46.0
New York,2026-01-16,34.5
New York,2026-01-17,40.5
New York,2026-01-18,34.5
New York,2026-01-19,32.5
New York,2026-01-20,24.5
New York,2026-01-21,36.0
New York,2026-01-22,46.0
New York,2026-01-23,36.0
New York,2026-01-24,18.5
New York,2026-01-25,22.0
New York,2026-01-26,26.5
New York,2026-01-27,22.5
New York,2026-01-28,24.5
New York,2026-01-29,24.5
New York,2026-01-30,18.5
New York,2026-01-31,24.5
New York,2026-02-01,24.5
New York,2026-02-02,35.5
New York,2026-02-03,32.5
New York,2026-02-04,32.5
New York,2026-02-05,32.5
New York,2026-02-06,32.5
New York,2026-02-07,26.0
New York,2026-02-08,18.5
New York,2026-02-09,30.5
New York,2026-02-10,36.0
New York,2026-02-11,40.5
New York,2026-02-12,36.5
New York,2026-02-13,38.5
New York,2026-02-14,44.5
New York,2026-02-15,38.5
New York,2026-02-16,38.5
New York,2026-02-17,46.5
New York,2026-02-18,38.5
New York,2026-02-19,36.5
New York,2026-02-20,38.5
New York,2026-02-21,46.5
New York,2026-02-22,34.5
New York,2026-02-23,36.0
New York,2026-02-24,32.5
New York,2026-02-26,46.5
New York,2026-02-25,42.5
New York,2026-02-27,40.5
New York,2026-02-28,50.0
New York,2026-03-01,42.5
New York,2026-03-02,32.5
New York,2026-03-03,34.5
New York,2026-03-04,48.0
New York,2026-03-05,44.5
New York,2026-03-06,40.5
New York,2026-03-07,48.0
New York,2026-03-08,60.0
New York,2026-03-09,66.0
New York,2026-03-11,56.0
New York,2026-03-10,68.0
New York,2026-03-12,56.5
New York,2026-03-13,42.5
New York,2026-03-14,54.5
New York,2026-03-15,46.5
New York,2026-03-16,54.5
New York,2026-03-17,50.0
New York,2026-03-18,36.5
New York,2026-03-19,40.5
New York,2026-03-20,52.5
New York,2026-03-21,56.5
New York,2026-03-22,56.5
New York,2026-03-23,51.0
New York,2026-03-24,48.5
New York,2026-03-25,50.5
New York,2026-03-26,66.0
New York,2026-03-27,66.5
New York,2026-03-28,42.5
London,2025-01-22,40.5
London,2025-01-23,48.5
London,2025-01-24,51.5
London,2025-01-25,47.5
London,2025-01-26,50.5
London,2025-01-28,50.5
London,2025-01-29,48.5
London,2025-01-30,46.5
London,2025-01-31,44.5
London,2025-02-01,43.5
London,2025-02-02,45.5
London,2025-02-03,48.5
London,2025-02-05,49.5
London,2025-02-06,45.5
London,2025-02-07,40.5
London,2025-02-08,42.5
London,2025-02-09,42.5
London,2025-02-10,41.5
London,2025-02-11,40.5
London,2025-02-12,42.5
London,2025-02-13,41.5
London,2025-02-14,41.5
London,2025-02-15,43.5
London,2025-02-16,39.5
London,2025-02-17,40.5
London,2025-02-18,43.5
London,2025-02-19,45.5
London,2025-02-20,55.5
London,2025-02-21,61.5
London,2025-02-22,57.5
London,2025-02-23,52.5
London,2025-02-24,56.5
London,2025-02-25,51.5
London,2025-02-26,47.5
London,2025-02-27,49.5
London,2025-02-28,47.5
London,2025-03-01,47.5
London,2025-03-02,49.5
London,2025-03-03,53.5
London,2025-03-04,57.0
London,2025-03-05,59.5
London,2025-03-06,63.5
London,2025-03-07,63.0
London,2025-03-08,63.5
London,2025-03-09,60.5
London,2025-03-10,54.5
London,2025-03-11,46.5
London,2025-03-12,45.5
London,2025-03-13,44.5
London,2025-03-14,45.5
London,2025-03-15,45.5
London,2025-03-16,48.5
London,2025-03-17,45.5
London,2025-03-18,49.5
London,2025-03-19,63.5
London,2025-03-20,66.5
London,2025-03-21,60.5
London,2025-03-22,61.5
London,2025-03-23,54.5
London,2025-03-24,55.5
London,2025-03-25,56.5
London,2025-03-26,62.5
London,2025-03-27,60.5
London,2025-03-28,59.0
London,2025-03-29,59.5
London,2025-03-30,63.5
London,2025-03-31,60.5
London,2025-04-01,55.0
London,2025-04-02,58.5
London,2025-04-03,62.5
London,2025-04-04,70.5
London,2025-04-05,61.5
London,2025-04-08,59.5
London,2025-04-06,57.5
London,2025-04-07,57.5
London,2025-04-09,54.5
London,2025-04-10,58.5
London,2025-04-11,72.5
London,2025-04-12,70.5
London,2025-04-13,63.5
London,2025-04-14,60.5
London,2025-04-15,62.5
London,2025-04-16,58.5
London,2025-04-17,60.5
London,2025-04-18,63.5
London,2025-04-19,59.5
London,2025-04-20,54.5
London,2025-04-21,60.5
London,2025-04-22,62.5
London,2025-04-23,53.5
London,2025-04-24,58.5
London,2025-04-25,56.5
London,2025-04-26,62.5
London,2025-04-27,69.5
London,2025-04-28,71.5
London,2025-04-29,69.5
London,2025-04-30,75.5
London,2025-05-01,81.5
London,2025-05-02,74.5
London,2025-05-03,67.5
London,2025-05-04,55.5
London,2025-05-05,55.5
London,2025-05-06,56.5
London,2025-05-07,59.5
London,2025-05-08,59.5
London,2025-05-09,63.5
London,2025-05-10,70.5
London,2025-05-11,72.5
London,2025-05-12,76.5
London,2025-05-13,73.5
London,2025-05-14,69.5
London,2025-05-15,58.0
London,2025-05-16,64.0
London,2025-05-17,64.5
London,2025-05-18,61.5
London,2025-05-19,68.5
London,2025-05-20,71.5
London,2025-05-21,64.5
London,2025-05-22,57.5
London,2025-05-23,67.5
London,2025-05-24,71.5
London,2025-05-25,67.5
London,2025-05-26,63.5
London,2025-05-27,62.5
London,2025-05-28,70.5
London,2025-05-29,77.0
London,2025-05-30,77.5
London,2025-05-31,79.5
London,2025-06-01,72.5
London,2025-06-02,70.5
London,2025-06-03,62.5
London,2025-06-04,65.5
London,2025-06-05,60.5
London,2025-06-06,67.5
London,2025-06-07,64.5
London,2025-06-08,66.5
London,2025-06-09,69.5
London,2025-06-10,72.5
London,2025-06-11,72.5
London,2025-06-12,79.5
London,2025-06-13,83.5
London,2025-06-14,77.5
London,2025-06-15,74.5
London,2025-06-16,78.5
London,2025-06-17,80.5
London,2025-06-18,82.5
London,2025-06-19,88.0
London,2025-06-20,81.5
London,2025-06-21,89.5
London,2025-06-22,78.5
London,2025-06-23,73.5
London,2025-06-24,80.0
London,2025-06-25,82.5
London,2025-06-26,77.5
London,2025-06-27,80.5
London,2025-06-28,85.5
London,2025-06-29,85.5
London,2025-06-30,89.5
London,2025-07-01,93.5
London,2025-07-02,73.5
London,2025-07-03,77.5
London,2025-07-04,80.5
London,2025-07-05,71.5
London,2025-07-06,71.5
London,2025-07-07,70.5
London,2025-07-08,74.5
London,2025-07-09,79.5
London,2025-07-10,83.5
London,2025-07-11,85.5
London,2025-07-12,80.5
London,2025-07-13,81.5
London,2025-07-14,76.5
London,2025-07-15,71.5
London,2025-07-16,74.5
London,2025-07-17,80.5
London,2025-07-18,83.5
London,2025-07-19,72.5
London,2025-07-20,72.5
London,2025-07-21,76.0
London,2025-07-22,72.5
London,2025-07-23,72.5
London,2025-07-24,67.5
London,2025-07-25,78.5
London,2025-07-26,73.5
London,2025-07-27,70.5
London,2025-07-28,73.5
London,2025-07-29,70.5
London,2025-07-30,76.5
London,2025-07-31,73.5
London,2025-08-01,67.5
London,2025-08-02,71.5
London,2025-08-03,75.5
London,2025-08-04,72.5
London,2025-08-05,72.5
London,2025-08-06,72.5
London,2025-08-07,72.5
London,2025-08-08,77.5
London,2025-08-09,78.5
London,2025-08-10,79.5
London,2025-08-11,81.5
London,2025-08-12,87.5
London,2025-08-13,79.5
London,2025-08-14,82.5
London,2025-08-15,83.5
London,2025-08-16,69.5
London,2025-08-17,75.5
London,2025-08-18,70.5
London,2025-08-19,75.5
London,2025-08-20,67.5
London,2025-08-21,67.5
London,2025-08-22,71.5
London,2025-08-23,71.5
London,2025-08-24,75.5
London,2025-08-25,81.5
London,2025-08-26,77.5
London,2025-08-27,72.5
London,2025-08-28,71.5
London,2025-08-29,72.5
London,2025-08-30,69.5
London,2025-08-31,71.5
London,2025-09-01,68.5
London,2025-09-02,65.5
London,2025-09-03,70.5
London,2025-09-04,68.5
London,2025-09-05,71.5
London,2025-09-06,74.5
London,2025-09-07,78.5
London,2025-09-08,72.5
London,2025-09-09,72.5
London,2025-09-10,66.5
London,2025-09-11,67.5
London,2025-09-12,68.5
London,2025-09-13,64.5
London,2025-09-14,63.5
London,2025-09-15,66.5
London,2025-09-16,66.5
London,2025-09-17,66.5
London,2025-09-18,72.5
London,2025-09-19,81.5
London,2025-09-20,71.5
London,2025-09-21,61.5
London,2025-09-22,61.5
London,2025-09-23,61.5
London,2025-09-24,63.5
London,2025-09-25,64.5
London,2025-09-26,60.5
London,2025-09-27,62.5
London,2025-09-28,63.5
London,2025-09-30,67.5
London,2025-09-29,65.5
London,2025-10-01,66.5
London,2025-10-02,66.5
London,2025-10-03,63.5
London,2025-10-04,63.0
London,2025-10-05,62.5
London,2025-10-06,70.5
London,2025-10-07,64.5
London,2025-10-08,63.5
London,2025-10-09,59.0
London,2025-10-10,58.5
London,2025-10-11,61.5
London,2025-10-12,60.5
London,2025-10-13,61.5
London,2025-10-14,56.5
London,2025-10-15,57.5
London,2025-10-16,61.5
London,2025-10-17,59.5
London,2025-10-18,60.5
London,2025-10-19,61.5
London,2025-10-20,61.5
London,2025-10-21,61.5
London,2025-10-22,61.5
London,2025-10-23,54.5
London,2025-10-24,54.5
London,2025-10-25,54.5
London,2025-10-26,52.5
London,2025-10-27,57.5
London,2025-10-28,58.5
London,2025-10-29,55.5
London,2025-10-30,57.5
London,2025-10-31,63.5
London,2025-11-01,61.5
London,2025-11-02,55.5
London,2025-11-03,62.5
London,2025-11-04,63.5
London,2025-11-05,62.5
London,2025-11-06,63.5
London,2025-11-07,61.5
London,2025-11-08,59.5
London,2025-11-09,59.5
London,2025-11-10,57.5
London,2025-11-11,58.5
London,2025-11-12,63.5
London,2025-11-13,64.5
London,2025-11-14,56.5
London,2025-11-15,55.5
London,2025-11-16,49.5
London,2025-11-17,46.5
London,2025-11-18,45.5
London,2025-11-19,42.5
London,2025-11-20,39.5
London,2025-11-21,45.5
London,2025-11-22,46.5
London,2025-11-23,51.5
London,2025-11-24,44.5
London,2025-11-25,44.5
London,2025-11-26,48.5
London,2025-11-27,57.5
London,2025-11-28,55.5
London,2025-11-29,54.5
London,2025-11-30,48.5
London,2025-12-01,53.5
London,2025-12-02,52.5
London,2025-12-03,52.5
London,2025-12-04,46.5
London,2025-12-05,50.5
London,2025-12-06,55.5
London,2025-12-07,58.5
London,2025-12-08,58.5
London,2025-12-09,59.5
London,2025-12-10,57.5
London,2025-12-11,55.4
London,2025-12-12,55.4
London,2025-12-13,51.8
London,2025-12-14,51.8
London,2025-12-15,51.8
London,2025-12-16,55.4
London,2025-12-17,51.8
London,2025-12-18,55.4
London,2025-12-19,53.6
London,2025-12-20,50.0
London,2025-12-21,51.8
London,2025-12-22,50.0
London,2025-12-23,48.2
London,2025-12-24,44.6
London,2025-12-25,42.8
London,2025-12-26,42.8
London,2025-12-27,46.4
London,2025-12-28,44.6
London,2025-12-29,44.6
London,2025-12-30,44.6
London,2025-12-31,41.0
London,2026-01-01,42.8
London,2026-01-02,39.2
London,2026-01-03,37.4
London,2026-01-04,37.4
London,2026-01-05,35.6
London,2026-01-06,39.2
London,2026-01-07,42.8
London,2026-01-08,46.4
London,2026-01-09,42.8
London,2026-01-10,37.4
London,2026-01-11,46.4
London,2026-01-12,51.8
London,2026-01-13,51.8
London,2026-01-14,48.2
London,2026-01-15,50.0
London,2026-01-16,50.0
London,2026-01-17,51.8
London,2026-01-18,51.8
London,2026-01-19,51.8
London,2026-01-20,50.0
London,2026-01-21,50.0
London,2026-01-22,48.2
London,2026-01-23,48.2
London,2026-01-24,50.0
London,2026-01-25,46.4
London,2026-01-26,42.8
London,2026-01-27,48.2
London,2026-01-28,50.0
London,2026-01-29,44.6
London,2026-01-30,51.8
London,2026-01-31,51.8
London,2026-02-01,48.2
London,2026-02-02,46.4
London,2026-02-03,44.6
London,2026-02-04,50.0
London,2026-02-05,46.4
London,2026-02-06,53.6
London,2026-02-07,51.8
London,2026-02-08,51.8
London,2026-02-09,48.2
London,2026-02-10,53.6
London,2026-02-11,53.6
London,2026-02-12,51.8
London,2026-02-13,46.4
London,2026-02-14,42.8
London,2026-02-15,48.2
London,2026-02-16,50.0
London,2026-02-17,44.6
London,2026-02-18,42.8
London,2026-02-19,44.6
London,2026-02-20,53.6
London,2026-02-21,57.2
London,2026-02-22,57.2
London,2026-02-23,55.4
London,2026-02-24,60.8
London,2026-02-26,55.4
London,2026-02-25,66.2
London,2026-02-27,55.4
London,2026-02-28,51.8
London,2026-03-01,55.4
London,2026-03-02,60.8
London,2026-03-03,57.2
London,2026-03-04,53.6
London,2026-03-05,64.4
London,2026-03-06,55.4
London,2026-03-07,48.2
London,2026-03-08,51.8
London,2026-03-09,59.0
London,2026-03-11,55.4
London,2026-03-10,57.2
London,2026-03-12,53.6
London,2026-03-13,53.6
London,2026-03-14,51.8
London,2026-03-15,55.4
London,2026-03-16,53.6
London,2026-03-17,59.0
London,2026-03-18,64.4
London,2026-03-19,60.8
London,2026-03-20,57.2
London,2026-03-21,55.4
London,2026-03-22,55.4
London,2026-03-23,59.0
London,2026-03-24,55.4
London,2026-03-25,48.2
London,2026-03-26,50.0
London,2026-03-27,53.6
London,2026-03-28,51.8
Dubai,2025-05-31,101.5
Los Angeles,2025-12-04,70.5
Los Angeles,2025-12-05,68.5
Los Angeles,2026-03-24,68.5
Los Angeles,2026-03-25,69.0
Los Angeles,2026-03-26,70.5
Los Angeles,2026-03-27,71.0
Los Angeles,2026-03-28,67.0
Chicago,2025-12-04,24.0
Chicago,2025-12-05,29.5
Chicago,2026-01-22,24.5
Chicago,2026-01-23,2.5
Chicago,2026-01-24,6.5
Chicago,2026-01-25,17.0
Chicago,2026-01-26,11.0
Chicago,2026-01-27,14.5
Chicago,2026-01-28,19.0
Chicago,2026-01-29,16.5
Chicago,2026-01-30,18.5
Chicago,2026-01-31,24.5
Chicago,2026-02-01,28.5
Chicago,2026-02-02,26.5
Chicago,2026-02-03,28.5
Chicago,2026-02-04,26.5
Chicago,2026-02-05,30.5
Chicago,2026-02-06,38.5
Chicago,2026-02-07,24.5
Chicago,2026-02-08,30.5
Chicago,2026-02-09,38.5
Chicago,2026-02-10,42.0
Chicago,2026-02-11,42.5
Chicago,2026-02-12,38.5
Chicago,2026-02-13,50.0
Chicago,2026-02-14,50.5
Chicago,2026-02-15,46.0
Chicago,2026-02-16,52.0
Chicago,2026-02-17,54.0
Chicago,2026-02-18,62.5
Chicago,2026-02-19,54.0
Chicago,2026-02-20,44.5
Chicago,2026-02-21,29.0
Chicago,2026-02-22,26.5
Chicago,2026-02-23,28.5
Chicago,2026-02-24,38.5
Chicago,2026-02-26,40.5
Chicago,2026-02-25,36.5
Chicago,2026-02-27,64.5
Chicago,2026-02-28,42.0
Chicago,2026-03-01,32.5
Chicago,2026-03-02,42.5
Chicago,2026-03-03,42.5
Chicago,2026-03-04,44.5
Chicago,2026-03-05,50.5
Chicago,2026-03-06,64.5
Chicago,2026-03-07,60.0
Chicago,2026-03-08,62.5
Chicago,2026-03-09,72.5
Chicago,2026-03-11,46.5
Chicago,2026-03-10,60.5
Chicago,2026-03-12,44.5
Chicago,2026-03-13,46.5
Chicago,2026-03-14,36.5
Chicago,2026-03-15,62.5
Chicago,2026-03-16,30.5
Chicago,2026-03-17,24.5
Chicago,2026-03-18,46.5
Chicago,2026-03-19,56.0
Chicago,2026-03-20,70.5
Chicago,2026-03-21,76.5
Chicago,2026-03-22,68.5
Chicago,2026-03-23,40.5
Chicago,2026-03-24,50.5
Chicago,2026-03-25,68.0
Chicago,2026-03-26,66.5
Chicago,2026-03-27,44.5
Chicago,2026-03-28,48.5
Dallas,2025-12-05,54.0
Dallas,2025-12-04,54.0
Dallas,2025-12-06,54.0
Dallas,2025-12-07,54.5
Dallas,2025-12-08,52.5
Dallas,2025-12-09,65.5
Dallas,2025-12-10,64.5
Dallas,2025-12-11,66.5
Dallas,2025-12-12,69.5
Dallas,2025-12-13,59.5
Dallas,2025-12-14,44.5
Dallas,2025-12-15,52.5
Dallas,2025-12-16,60.5
Dallas,2025-12-17,60.0
Dallas,2025-12-18,70.0
Dallas,2025-12-19,64.5
Dallas,2025-12-20,72.0
Dallas,2025-12-21,60.0
Dallas,2025-12-22,66.0
Dallas,2025-12-23,80.5
Dallas,2025-12-24,74.0
Dallas,2025-12-25,78.5
Dallas,2025-12-26,86.5
Dallas,2025-12-27,74.0
Dallas,2025-12-28,80.0
Dallas,2025-12-29,45.0
Dallas,2025-12-30,52.5
Dallas,2025-12-31,66.5
Dallas,2026-01-01,70.5
Dallas,2026-01-02,76.5
Dallas,2026-01-03,64.5
Dallas,2026-01-04,62.5
Dallas,2026-01-05,62.0
Dallas,2026-01-06,76.5
Dallas,2026-01-07,80.5
Dallas,2026-01-08,78.5
Dallas,2026-01-09,70.5
Dallas,2026-01-10,54.5
Dallas,2026-01-11,60.5
Dallas,2026-01-12,65.0
Dallas,2026-01-13,66.5
Dallas,2026-01-14,62.5
Dallas,2026-01-15,58.5
Dallas,2026-01-16,59.0
Dallas,2026-01-17,43.0
Dallas,2026-01-18,60.5
Dallas,2026-01-19,52.5
Dallas,2026-01-20,54.5
Dallas,2026-01-21,64.5
Dallas,2026-01-22,52.5
Dallas,2026-01-23,50.0
Dallas,2026-01-24,32.5
Dallas,2026-01-25,20.5
Dallas,2026-01-26,32.5
Dallas,2026-01-27,40.5
Dallas,2026-01-28,40.0
Dallas,2026-01-29,46.0
Dallas,2026-01-30,48.5
Dallas,2026-01-31,32.5
Dallas,2026-02-01,50.5
Dallas,2026-02-02,62.0
Dallas,2026-02-03,62.0
Dallas,2026-02-04,54.0
Dallas,2026-02-05,58.0
Dallas,2026-02-06,82.0
Dallas,2026-02-07,72.5
Dallas,2026-02-08,76.0
Dallas,2026-02-09,74.0
Dallas,2026-02-10,72.0
Dallas,2026-02-11,62.0
Dallas,2026-02-12,74.5
Dallas,2026-02-13,68.0
Dallas,2026-02-14,68.5
Dallas,2026-02-15,68.0
Dallas,2026-02-16,70.5
Dallas,2026-02-17,76.5
Dallas,2026-02-18,76.5
Dallas,2026-02-19,78.5
Dallas,2026-02-20,65.0
Dallas,2026-02-21,62.5
Dallas,2026-02-22,58.5
Dallas,2026-02-23,60.5
Dallas,2026-02-24,70.5
Dallas,2026-02-26,82.0
Dallas,2026-02-25,80.5
Dallas,2026-02-27,74.0
Dallas,2026-02-28,82.5
Dallas,2026-03-01,72.0
Dallas,2026-03-02,72.0
Dallas,2026-03-03,84.0
Dallas,2026-03-04,74.0
Dallas,2026-03-05,80.5
Dallas,2026-03-06,82.5
Dallas,2026-03-07,64.0
Dallas,2026-03-08,66.0
Dallas,2026-03-09,84.5
Dallas,2026-03-11,74.0
Dallas,2026-03-10,82.0
Dallas,2026-03-12,62.5
Dallas,2026-03-13,76.5
Dallas,2026-03-14,80.5
Dallas,2026-03-15,84.5
Dallas,2026-03-16,48.5
Dallas,2026-03-17,62.5
Dallas,2026-03-18,74.5
Dallas,2026-03-19,86.5
Dallas,2026-03-20,88.5
Dallas,2026-03-21,90.5
Dallas,2026-03-22,92.5
Dallas,2026-03-23,80.5
Dallas,2026-03-24,82.5
Dallas,2026-03-25,84.5
Dallas,2026-03-26,84.5
Dallas,2026-03-27,74.5
Dallas,2026-03-28,56.5
Miami,2025-12-04,81.5
Miami,2025-12-05,83.5
Miami,2026-01-22,76.5
Miami,2026-01-23,82.0
Miami,2026-01-24,82.5
Miami,2026-01-25,80.0
Miami,2026-01-26,86.5
Miami,2026-01-27,66.5
Miami,2026-01-28,62.5
Miami,2026-01-29,72.5
Miami,2026-01-30,68.5
Miami,2026-01-31,64.5
Miami,2026-02-01,53.0
Miami,2026-02-02,59.0
Miami,2026-02-03,68.5
Miami,2026-02-04,75.0
Miami,2026-02-05,70.0
Miami,2026-02-06,66.5
Miami,2026-02-07,78.5
Miami,2026-02-08,70.0
Miami,2026-02-09,74.5
Miami,2026-02-10,76.0
Miami,2026-02-11,76.5
Miami,2026-02-12,80.5
Miami,2026-02-13,80.5
Miami,2026-02-14,78.5
Miami,2026-02-15,80.5
Miami,2026-02-16,84.5
Miami,2026-02-17,80.5
Miami,2026-02-18,78.5
Miami,2026-02-19,80.5
Miami,2026-02-20,82.5
Miami,2026-02-21,82.5
Miami,2026-02-22,88.5
Miami,2026-02-23,65.0
Miami,2026-02-24,64.5
Miami,2026-02-26,78.5
Miami,2026-02-25,72.5
Miami,2026-02-27,82.5
Miami,2026-02-28,84.5
Miami,2026-03-01,82.5
Miami,2026-03-02,80.5
Miami,2026-03-03,82.5
Miami,2026-03-04,80.5
Miami,2026-03-05,82.5
Miami,2026-03-06,84.5
Miami,2026-03-07,82.5
Miami,2026-03-08,84.5
Miami,2026-03-09,84.5
Miami,2026-03-11,84.5
Miami,2026-03-10,84.5
Miami,2026-03-12,84.5
Miami,2026-03-13,78.5
Miami,2026-03-14,84.5
Miami,2026-03-15,80.5
Miami,2026-03-16,86.5
Miami,2026-03-17,70.5
Miami,2026-03-18,68.5
Miami,2026-03-19,76.5
Miami,2026-03-20,76.5
Miami,2026-03-21,78.5
Miami,2026-03-22,80.5
Miami,2026-03-23,80.5
Miami,2026-03-24,84.5
Miami,2026-03-25,80.5
Miami,2026-03-26,82.5
Miami,2026-03-27,82.5
Miami,2026-03-28,84.5
Phoenix,2025-12-04,65.0
Phoenix,2025-12-05,66.5
Denver,2025-12-04,40.5
Denver,2025-12-05,40.5
Denver,2026-03-24,78.5
Denver,2026-03-25,86.5
Denver,2026-03-26,76.5
Denver,2026-03-27,54.5
Denver,2026-03-28,80.0
Atlanta,2025-12-05,49.0
Atlanta,2025-12-06,47.5
Atlanta,2025-12-07,48.0
Atlanta,2025-12-08,50.5
Atlanta,2025-12-09,49.5
Atlanta,2025-12-10,58.5
Atlanta,2025-12-11,52.5
Atlanta,2025-12-12,63.5
Atlanta,2025-12-13,67.0
Atlanta,2025-12-14,58.0
Atlanta,2025-12-15,44.5
Atlanta,2025-12-16,58.5
Atlanta,2025-12-17,60.0
Atlanta,2025-12-18,58.0
Atlanta,2025-12-19,62.0
Atlanta,2025-12-20,62.5
Atlanta,2025-12-21,56.5
Atlanta,2025-12-22,58.0
Atlanta,2025-12-23,64.0
Atlanta,2025-12-24,72.0
Atlanta,2025-12-25,64.0
Atlanta,2025-12-26,64.0
Atlanta,2025-12-27,70.0
Atlanta,2025-12-28,68.5
Atlanta,2025-12-29,64.5
Atlanta,2025-12-30,42.5
Atlanta,2025-12-31,52.5
Atlanta,2026-01-01,60.0
Atlanta,2026-01-02,60.5
Atlanta,2026-01-03,59.0
Atlanta,2026-01-04,60.0
Atlanta,2026-01-05,54.0
Atlanta,2026-01-06,60.0
Atlanta,2026-01-07,68.0
Atlanta,2026-01-08,66.0
Atlanta,2026-01-09,70.5
Atlanta,2026-01-10,70.5
Atlanta,2026-01-11,54.5
Atlanta,2026-01-12,52.5
Atlanta,2026-01-13,62.5
Atlanta,2026-01-14,52.5
Atlanta,2026-01-15,36.5
Atlanta,2026-01-16,50.0
Atlanta,2026-01-17,52.0
Atlanta,2026-01-18,40.0
Atlanta,2026-01-19,46.5
Atlanta,2026-01-20,46.0
Atlanta,2026-01-21,54.5
Atlanta,2026-01-22,50.5
Atlanta,2026-01-23,52.0
Atlanta,2026-01-24,46.0
Atlanta,2026-01-25,38.5
Atlanta,2026-01-26,36.5
Atlanta,2026-01-27,42.5
Atlanta,2026-01-28,48.0
Atlanta,2026-01-29,46.5
Atlanta,2026-01-30,52.0
Atlanta,2026-01-31,32.0
Atlanta,2026-02-01,36.5
Atlanta,2026-02-02,50.0
Atlanta,2026-02-03,56.0
Atlanta,2026-02-04,56.0
Atlanta,2026-02-05,44.5
Atlanta,2026-02-06,64.5
Atlanta,2026-02-07,54.0
Atlanta,2026-02-08,60.0
Atlanta,2026-02-09,66.5
Atlanta,2026-02-10,66.0
Atlanta,2026-02-11,64.5
Atlanta,2026-02-12,64.5
Atlanta,2026-02-13,62.0
Atlanta,2026-02-14,62.5
Atlanta,2026-02-15,60.5
Atlanta,2026-02-16,64.0
Atlanta,2026-02-17,68.5
Atlanta,2026-02-18,68.0
Atlanta,2026-02-19,78.0
Atlanta,2026-02-20,78.5
Atlanta,2026-02-21,66.5
Atlanta,2026-02-22,52.5
Atlanta,2026-02-23,40.5
Atlanta,2026-02-24,52.5
Atlanta,2026-02-26,62.5
Atlanta,2026-02-25,56.0
Atlanta,2026-02-27,68.5
Atlanta,2026-02-28,70.5
Atlanta,2026-03-01,76.0
Atlanta,2026-03-02,66.0
Atlanta,2026-03-03,62.0
Atlanta,2026-03-04,72.0
Atlanta,2026-03-05,80.5
Atlanta,2026-03-06,80.0
Atlanta,2026-03-07,82.5
Atlanta,2026-03-08,68.5
Atlanta,2026-03-09,76.5
Atlanta,2026-03-11,80.5
Atlanta,2026-03-10,78.0
Atlanta,2026-03-12,64.0
Atlanta,2026-03-13,68.5
Atlanta,2026-03-14,76.5
Atlanta,2026-03-15,72.0
Atlanta,2026-03-16,68.5
Atlanta,2026-03-17,48.5
Atlanta,2026-03-18,56.5
Atlanta,2026-03-19,68.5
Atlanta,2026-03-20,76.5
Atlanta,2026-03-21,82.5
Atlanta,2026-03-22,82.5
Atlanta,2026-03-23,80.5
Atlanta,2026-03-24,68.5
Atlanta,2026-03-25,58.0
Atlanta,2026-03-26,78.5
Atlanta,2026-03-27,82.5
Atlanta,2026-03-28,70.5
Seattle,2025-12-05,54.0
Seattle,2025-12-06,50.5
Seattle,2025-12-07,54.5
Seattle,2025-12-08,55.5
Seattle,2025-12-09,52.5
Seattle,2025-12-10,56.5
Seattle,2025-12-11,55.5
Seattle,2025-12-12,53.5
Seattle,2025-12-13,52.5
Seattle,2025-12-14,52.5
Seattle,2025-12-15,56.5
Seattle,2025-12-16,54.5
Seattle,2025-12-17,52.0
Seattle,2025-12-18,50.5
Seattle,2025-12-19,42.5
Seattle,2025-12-20,44.5
Seattle,2025-12-21,46.5
Seattle,2025-12-22,50.5
Seattle,2025-12-23,44.5
Seattle,2025-12-24,46.0
Seattle,2025-12-25,42.5
Seattle,2025-12-26,44.5
Seattle,2025-12-27,40.5
Seattle,2025-12-28,40.5
Seattle,2025-12-29,42.5
Seattle,2025-12-30,48.0
Seattle,2025-12-31,41.0
Seattle,2026-01-01,42.5
Seattle,2026-01-02,48.5
Seattle,2026-01-03,52.0
Seattle,2026-01-04,48.5
Seattle,2026-01-05,42.5
Seattle,2026-01-06,44.5
Seattle,2026-01-07,42.5
Seattle,2026-01-08,44.5
Seattle,2026-01-09,50.5
Seattle,2026-01-11,50.5
Seattle,2026-01-12,52.5
Seattle,2026-01-13,56.5
Seattle,2026-01-14,52.5
Seattle,2026-01-15,48.5
Seattle,2026-01-16,52.5
Seattle,2026-01-17,52.5
Seattle,2026-01-18,48.5
Seattle,2026-01-19,48.5
Seattle,2026-01-20,50.5
Seattle,2026-01-21,45.0
Seattle,2026-01-22,40.5
Seattle,2026-01-23,42.0
Seattle,2026-01-24,44.5
Seattle,2026-01-25,44.5
Seattle,2026-01-26,46.5
Seattle,2026-01-27,50.5
Seattle,2026-01-28,50.5
Seattle,2026-01-29,50.5
Seattle,2026-01-30,52.5
Seattle,2026-01-31,56.5
Seattle,2026-02-01,52.0
Seattle,2026-02-02,52.5
Seattle,2026-02-03,55.0
Seattle,2026-02-04,60.5
Seattle,2026-02-05,59.0
Seattle,2026-02-06,56.5
Seattle,2026-02-07,50.5
Seattle,2026-02-08,48.5
Seattle,2026-02-09,50.5
Seattle,2026-02-10,52.0
Seattle,2026-02-11,48.0
Seattle,2026-02-12,52.0
Seattle,2026-02-13,46.5
Seattle,2026-02-14,48.5
Seattle,2026-02-15,46.5
Seattle,2026-02-16,42.5
Seattle,2026-02-17,46.5
Seattle,2026-02-18,40.5
Seattle,2026-02-19,40.5
Seattle,2026-02-20,42.5
Seattle,2026-02-21,48.5
Seattle,2026-02-22,50.5
Seattle,2026-02-23,48.5
Seattle,2026-02-24,46.5
Seattle,2026-02-26,52.0
Seattle,2026-02-25,50.5
Seattle,2026-02-27,50.5
Seattle,2026-02-28,50.5
Seattle,2026-03-01,56.5
Seattle,2026-03-02,56.5
Seattle,2026-03-03,52.5
Seattle,2026-03-04,50.5
Seattle,2026-03-05,50.5
Seattle,2026-03-06,50.5
Seattle,2026-03-07,54.5
Seattle,2026-03-08,52.5
Seattle,2026-03-09,44.5
Seattle,2026-03-11,50.5
Seattle,2026-03-10,48.0
Seattle,2026-03-12,46.5
Seattle,2026-03-13,36.5
Seattle,2026-03-14,44.5
Seattle,2026-03-15,48.5
Seattle,2026-03-16,54.5
Seattle,2026-03-17,52.5
Seattle,2026-03-18,56.5
Seattle,2026-03-19,54.5
Seattle,2026-03-20,56.5
Seattle,2026-03-21,50.5
Seattle,2026-03-22,52.5
Seattle,2026-03-23,50.5
Seattle,2026-03-24,54.0
Seattle,2026-03-25,50.5
Seattle,2026-03-26,52.5
Seattle,2026-03-27,58.5
Seattle,2026-03-28,54.5
Seoul,2025-12-06,48.2
Seoul,2025-12-07,55.4
Seoul,2025-12-08,44.6
Seoul,2025-12-09,44.6
Seoul,2025-12-10,51.8
Seoul,2025-12-11,46.4
Seoul,2025-12-12,41.0
Seoul,2025-12-13,41.0
Seoul,2025-12-14,39.2
Seoul,2025-12-15,42.8
Seoul,2025-12-16,44.6
Seoul,2025-12-17,42.8
Seoul,2025-12-18,44.6
Seoul,2025-12-19,51.8
Seoul,2025-12-20,51.8
Seoul,2025-12-21,33.8
Seoul,2025-12-22,37.4
Seoul,2025-12-23,42.8
Seoul,2025-12-24,39.2
Seoul,2025-12-25,32.0
Seoul,2025-12-26,23.0
Seoul,2025-12-27,33.8
Seoul,2025-12-28,44.6
Seoul,2025-12-29,46.4
Seoul,2025-12-30,37.4
Seoul,2025-12-31,30.2
Seoul,2026-01-01,24.8
Seoul,2026-01-02,24.8
Seoul,2026-01-03,32.0
Seoul,2026-01-04,37.4
Seoul,2026-01-05,33.8
Seoul,2026-01-06,39.2
Seoul,2026-01-07,41.0
Seoul,2026-01-08,28.4
Seoul,2026-01-09,44.6
Seoul,2026-01-10,46.4
Seoul,2026-01-11,26.6
Seoul,2026-01-12,39.2
Seoul,2026-01-13,33.8
Seoul,2026-01-14,35.6
Seoul,2026-01-15,44.6
Seoul,2026-01-16,42.8
Seoul,2026-01-17,35.6
Seoul,2026-01-18,35.6
Seoul,2026-01-19,32.0
Seoul,2026-01-20,21.2
Seoul,2026-01-21,21.2
Seoul,2026-01-22,23.0
Seoul,2026-01-23,30.2
Seoul,2026-01-24,28.4
Seoul,2026-01-25,26.6
Seoul,2026-01-26,30.2
Seoul,2026-01-27,30.2
Seoul,2026-01-28,28.4
Seoul,2026-01-29,30.2
Seoul,2026-01-30,26.6
Seoul,2026-01-31,30.2
Seoul,2026-02-01,32.0
Seoul,2026-02-02,32.0
Seoul,2026-02-03,37.4
Seoul,2026-02-04,44.6
Seoul,2026-02-05,46.4
Seoul,2026-02-06,24.8
Seoul,2026-02-07,23.0
Seoul,2026-02-08,24.8
Seoul,2026-02-09,35.6
Seoul,2026-02-10,37.4
Seoul,2026-02-11,39.2
Seoul,2026-02-12,44.6
Seoul,2026-02-13,48.2
Seoul,2026-02-14,51.8
Seoul,2026-02-15,46.4
Seoul,2026-02-16,41.0
Seoul,2026-02-17,39.2
Seoul,2026-02-18,42.8
Seoul,2026-02-19,41.0
Seoul,2026-02-20,51.8
Seoul,2026-02-21,57.2
Seoul,2026-02-22,51.8
Seoul,2026-02-23,39.2
Seoul,2026-02-24,41.0
Seoul,2026-02-26,51.8
Seoul,2026-02-25,50.0
Seoul,2026-02-27,55.4
Seoul,2026-02-28,53.6
Seoul,2026-03-01,53.6
Seoul,2026-03-02,42.8
Seoul,2026-03-03,50.0
Seoul,2026-03-04,48.2
Seoul,2026-03-05,50.0
Seoul,2026-03-06,39.2
Seoul,2026-03-07,41.0
Seoul,2026-03-08,39.2
Seoul,2026-03-09,44.6
Seoul,2026-03-11,42.8
Seoul,2026-03-10,44.6
Seoul,2026-03-12,51.8
Seoul,2026-03-13,51.8
Seoul,2026-03-14,51.8
Seoul,2026-03-15,50.0
Seoul,2026-03-16,50.0
Seoul,2026-03-17,53.6
Seoul,2026-03-18,46.4
Seoul,2026-03-19,48.2
Seoul,2026-03-20,51.8
Seoul,2026-03-21,51.8
Seoul,2026-03-22,57.2
Seoul,2026-03-23,59.0
Seoul,2026-03-24,55.4
Seoul,2026-03-25,55.4
Seoul,2026-03-26,48.2
Seoul,2026-03-27,55.4
Seoul,2026-03-28,53.6
Toronto,2025-12-06,33.8
Toronto,2025-12-07,30.2
Toronto,2025-12-08,24.8
Toronto,2025-12-09,32.0
Toronto,2025-12-10,33.8
Toronto,2025-12-11,21.2
Toronto,2025-12-12,30.2
Toronto,2025-12-13,28.4
Toronto,2025-12-14,19.4
Toronto,2025-12-15,23.0
Toronto,2025-12-16,33.8
Toronto,2025-12-17,39.2
Toronto,2025-12-18,44.6
Toronto,2025-12-19,42.8
Toronto,2025-12-20,35.6
Toronto,2025-12-21,35.6
Toronto,2025-12-22,33.8
Toronto,2025-12-23,39.2
Toronto,2025-12-24,37.4
Toronto,2025-12-25,35.6
Toronto,2025-12-26,28.4
Toronto,2025-12-27,26.6
Toronto,2025-12-28,35.6
Toronto,2025-12-29,41.0
Toronto,2025-12-30,24.8
Toronto,2025-12-31,24.8
Toronto,2026-01-01,19.4
Toronto,2026-01-02,24.8
Toronto,2026-01-03,26.6
Toronto,2026-01-04,30.2
Toronto,2026-01-05,32.0
Toronto,2026-01-06,33.8
Toronto,2026-01-07,37.4
Toronto,2026-01-08,41.0
Toronto,2026-01-09,50.0
Toronto,2026-01-10,37.4
Toronto,2026-01-11,35.6
Toronto,2026-01-12,32.0
Toronto,2026-01-13,41.0
Toronto,2026-01-14,41.0
Toronto,2026-01-15,15.8
Toronto,2026-01-16,30.2
Toronto,2026-01-17,35.6
Toronto,2026-01-18,21.2
Toronto,2026-01-19,23.0
Toronto,2026-01-20,12.2
Toronto,2026-01-21,30.2
Toronto,2026-01-22,30.2
Toronto,2026-01-23,15.8
Toronto,2026-01-24,12.2
Toronto,2026-01-25,15.8
Toronto,2026-01-26,15.8
Toronto,2026-01-27,15.8
Toronto,2026-01-28,14.0
Toronto,2026-01-29,10.4
Toronto,2026-01-30,14.0
Toronto,2026-01-31,14.0
Toronto,2026-02-01,23.0
Toronto,2026-02-02,23.0
Toronto,2026-02-03,26.6
Toronto,2026-02-04,23.0
Toronto,2026-02-05,23.0
Toronto,2026-02-06,26.6
Toronto,2026-02-07,8.6
Toronto,2026-02-08,10.4
Toronto,2026-02-09,19.4
Toronto,2026-02-10,35.6
Toronto,2026-02-11,33.8
Toronto,2026-02-12,26.6
Toronto,2026-02-13,30.2
Toronto,2026-02-14,35.6
Toronto,2026-02-15,33.8
Toronto,2026-02-16,35.6
Toronto,2026-02-17,44.6
Toronto,2026-02-18,37.4
Toronto,2026-02-19,35.6
Toronto,2026-02-20,35.6
Toronto,2026-02-21,35.6
Toronto,2026-02-22,32.0
Toronto,2026-02-23,30.2
Toronto,2026-02-24,24.8
Toronto,2026-02-26,28.4
Toronto,2026-02-25,35.6
Toronto,2026-02-27,44.6
Toronto,2026-02-28,42.8
Toronto,2026-03-01,21.2
Toronto,2026-03-02,23.0
Toronto,2026-03-03,37.4
Toronto,2026-03-04,41.0
Toronto,2026-03-05,41.0
Toronto,2026-03-06,35.6
Toronto,2026-03-07,60.8
Toronto,2026-03-08,50.0
Toronto,2026-03-09,62.6
Toronto,2026-03-11,46.4
Toronto,2026-03-10,64.4
Toronto,2026-03-12,33.8
Toronto,2026-03-13,35.6
Toronto,2026-03-14,35.6
Toronto,2026-03-15,41.0
Toronto,2026-03-16,55.4
Toronto,2026-03-17,26.6
Toronto,2026-03-18,30.2
Toronto,2026-03-19,46.4
Toronto,2026-03-20,41.0
Toronto,2026-03-21,37.4
Toronto,2026-03-22,53.6
Toronto,2026-03-23,35.6
Toronto,2026-03-24,39.2
Toronto,2026-03-25,42.8
Toronto,2026-03-26,50.0
Toronto,2026-03-27,32.0
Toronto,2026-03-28,33.8
Buenos Aires,2025-12-06,86.0
Buenos Aires,2025-12-07,82.4
Buenos Aires,2025-12-08,78.8
Buenos Aires,2025-12-09,78.8
Buenos Aires,2025-12-10,87.8
Buenos Aires,2025-12-11,87.8
Buenos Aires,2025-12-12,93.2
Buenos Aires,2025-12-13,93.2
Buenos Aires,2025-12-14,77.0
Buenos Aires,2025-12-15,80.6
Buenos Aires,2025-12-16,77.0
Buenos Aires,2025-12-17,87.8
Buenos Aires,2025-12-18,96.8
Buenos Aires,2025-12-19,91.4
Buenos Aires,2025-12-20,82.4
Buenos Aires,2025-12-21,91.4
Buenos Aires,2025-12-22,87.8
Buenos Aires,2025-12-23,91.4
Buenos Aires,2025-12-24,95.0
Buenos Aires,2025-12-25,87.8
Buenos Aires,2025-12-26,95.0
Buenos Aires,2025-12-27,95.0
Buenos Aires,2025-12-28,95.0
Buenos Aires,2025-12-29,98.6
Buenos Aires,2025-12-30,100.4
Buenos Aires,2025-12-31,104.0
Buenos Aires,2026-01-01,87.8
Buenos Aires,2026-01-02,84.2
Buenos Aires,2026-01-03,75.2
Buenos Aires,2026-01-04,78.8
Buenos Aires,2026-01-05,84.2
Buenos Aires,2026-01-06,89.6
Buenos Aires,2026-01-07,91.4
Buenos Aires,2026-01-08,78.8
Buenos Aires,2026-01-09,78.8
Buenos Aires,2026-01-10,78.8
Buenos Aires,2026-01-11,95.0
Buenos Aires,2026-01-12,102.2
Buenos Aires,2026-01-13,91.4
Buenos Aires,2026-01-14,96.8
Buenos Aires,2026-01-15,95.0
Buenos Aires,2026-01-16,87.8
Buenos Aires,2026-01-17,95.0
Buenos Aires,2026-01-18,84.2
Buenos Aires,2026-01-19,77.0
Buenos Aires,2026-01-20,84.2
Buenos Aires,2026-01-21,89.6
Buenos Aires,2026-01-22,89.6
Buenos Aires,2026-01-23,93.2
Buenos Aires,2026-01-24,95.0
Buenos Aires,2026-01-25,95.0
Buenos Aires,2026-01-26,100.4
Buenos Aires,2026-01-27,95.0
Buenos Aires,2026-01-28,93.2
Buenos Aires,2026-01-29,95.0
Buenos Aires,2026-01-30,87.8
Buenos Aires,2026-01-31,89.6
Buenos Aires,2026-02-01,93.2
Buenos Aires,2026-02-02,100.4
Buenos Aires,2026-02-03,98.6
Buenos Aires,2026-02-04,87.8
Buenos Aires,2026-02-05,86.0
Buenos Aires,2026-02-06,87.8
Buenos Aires,2026-02-07,91.4
Buenos Aires,2026-02-08,93.2
Buenos Aires,2026-02-09,93.2
Buenos Aires,2026-02-10,96.8
Buenos Aires,2026-02-11,89.6
Buenos Aires,2026-02-12,87.8
Buenos Aires,2026-02-13,84.2
Buenos Aires,2026-02-14,84.2
Buenos Aires,2026-02-15,86.0
Buenos Aires,2026-02-16,91.4
Buenos Aires,2026-02-17,87.8
Buenos Aires,2026-02-18,95.0
Buenos Aires,2026-02-19,89.6
Buenos Aires,2026-02-20,87.8
Buenos Aires,2026-02-21,87.8
Buenos Aires,2026-02-22,87.8
Buenos Aires,2026-02-23,87.8
Buenos Aires,2026-02-24,93.2
Buenos Aires,2026-02-26,84.2
Buenos Aires,2026-02-25,78.8
Buenos Aires,2026-02-27,84.2
Buenos Aires,2026-02-28,89.6
Buenos Aires,2026-03-01,89.6
Buenos Aires,2026-03-02,87.8
Buenos Aires,2026-03-03,84.2
Buenos Aires,2026-03-04,93.2
Buenos Aires,2026-03-05,82.4
Buenos Aires,2026-03-06,77.0
Buenos Aires,2026-03-07,82.4
Buenos Aires,2026-03-08,80.6
Buenos Aires,2026-03-09,82.4
Buenos Aires,2026-03-11,82.4
Buenos Aires,2026-03-10,80.6
Buenos Aires,2026-03-12,82.4
Buenos Aires,2026-03-13,84.2
Buenos Aires,2026-03-14,84.2
Buenos Aires,2026-03-15,89.6
Buenos Aires,2026-03-16,86.0
Buenos Aires,2026-03-17,91.4
Buenos Aires,2026-03-18,84.2
Buenos Aires,2026-03-19,82.4
Buenos Aires,2026-03-20,82.4
Buenos Aires,2026-03-21,75.2
Buenos Aires,2026-03-22,78.8
Buenos Aires,2026-03-23,80.6
Buenos Aires,2026-03-24,78.8
Buenos Aires,2026-03-25,80.6
Buenos Aires,2026-03-26,82.4
Buenos Aires,2026-03-27,78.8
Buenos Aires,2026-03-28,80.6
Ankara,2026-01-22,35.6
Ankara,2026-01-23,41.0
Ankara,2026-01-24,44.6
Ankara,2026-01-25,48.2
Ankara,2026-01-26,44.6
Ankara,2026-01-27,50.0
Ankara,2026-01-28,44.6
Ankara,2026-01-29,46.4
Ankara,2026-01-30,51.8
Ankara,2026-01-31,46.4
Ankara,2026-02-01,53.6
Ankara,2026-02-02,46.4
Ankara,2026-02-03,42.8
Ankara,2026-02-04,44.6
Ankara,2026-02-05,46.4
Ankara,2026-02-06,46.4
Ankara,2026-02-07,50.0
Ankara,2026-02-08,50.0
Ankara,2026-02-09,48.2
Ankara,2026-02-10,42.8
Ankara,2026-02-11,44.6
Ankara,2026-02-12,50.0
Ankara,2026-02-13,51.8
Ankara,2026-02-14,51.8
Ankara,2026-02-15,57.2
Ankara,2026-02-16,59.0
Ankara,2026-02-17,55.4
Ankara,2026-02-18,48.2
Ankara,2026-02-19,41.0
Ankara,2026-02-20,51.8
Ankara,2026-02-21,55.4
Ankara,2026-02-22,44.6
Ankara,2026-02-23,44.6
Ankara,2026-02-24,46.4
Ankara,2026-02-26,41.0
Ankara,2026-02-25,42.8
Ankara,2026-02-27,41.0
Ankara,2026-02-28,46.4
Ankara,2026-03-01,48.2
Ankara,2026-03-02,53.6
Ankara,2026-03-03,53.6
Ankara,2026-03-04,50.0
Ankara,2026-03-05,51.8
Ankara,2026-03-06,48.2
Ankara,2026-03-07,44.6
Ankara,2026-03-08,46.4
Ankara,2026-03-09,46.4
Ankara,2026-03-11,57.2
Ankara,2026-03-10,51.8
Ankara,2026-03-12,57.2
Ankara,2026-03-13,57.2
Ankara,2026-03-14,55.4
Ankara,2026-03-15,57.2
Ankara,2026-03-16,57.2
Ankara,2026-03-17,59.0
Ankara,2026-03-18,59.0
Ankara,2026-03-19,51.8
Ankara,2026-03-20,44.6
Ankara,2026-03-21,51.8
Ankara,2026-03-22,55.4
Ankara,2026-03-23,55.4
Ankara,2026-03-24,51.8
Ankara,2026-03-25,51.8
Ankara,2026-03-26,50.0
Ankara,2026-03-27,59.0
Ankara,2026-03-28,62.6
Wellington,2026-01-22,69.8
Wellington,2026-01-23,71.6
Wellington,2026-01-24,62.6
Wellington,2026-01-25,68.0
Wellington,2026-01-26,69.8
Wellington,2026-01-27,62.6
Wellington,2026-01-28,71.6
Wellington,2026-01-29,69.8
Wellington,2026-01-30,69.8
Wellington,2026-01-31,69.8
Wellington,2026-02-01,68.0
Wellington,2026-02-02,69.8
Wellington,2026-02-03,64.4
Wellington,2026-02-04,64.4
Wellington,2026-02-05,69.8
Wellington,2026-02-06,71.6
Wellington,2026-02-07,71.6
Wellington,2026-02-08,66.2
Wellington,2026-02-09,66.2
Wellington,2026-02-10,71.6
Wellington,2026-02-11,71.6
Wellington,2026-02-12,75.2
Wellington,2026-02-13,73.4
Wellington,2026-02-14,68.0
Wellington,2026-02-15,60.8
Wellington,2026-02-16,60.8
Wellington,2026-02-17,69.8
Wellington,2026-02-18,69.8
Wellington,2026-02-19,69.8
Wellington,2026-02-20,73.4
Wellington,2026-02-21,68.0
Wellington,2026-02-22,71.6
Wellington,2026-02-23,69.8
Wellington,2026-02-24,69.8
Wellington,2026-02-26,68.0
Wellington,2026-02-25,73.4
Wellington,2026-02-27,60.8
Wellington,2026-02-28,64.4
Wellington,2026-03-01,68.0
Wellington,2026-03-02,53.6
Wellington,2026-03-03,57.2
Wellington,2026-03-04,62.6
Wellington,2026-03-05,68.0
Wellington,2026-03-06,69.8
Wellington,2026-03-07,69.8
Wellington,2026-03-08,66.2
Wellington,2026-03-09,64.4
Wellington,2026-03-11,64.4
Wellington,2026-03-10,60.8
Wellington,2026-03-12,69.8
Wellington,2026-03-13,71.6
Wellington,2026-03-14,62.6
Wellington,2026-03-15,68.0
Wellington,2026-03-16,69.8
Wellington,2026-03-17,69.8
Wellington,2026-03-18,69.8
Wellington,2026-03-19,64.4
Wellington,2026-03-20,62.6
Wellington,2026-03-21,62.6
Wellington,2026-03-22,68.0
Wellington,2026-03-23,66.2
Wellington,2026-03-24,69.8
Wellington,2026-03-25,64.4
Wellington,2026-03-26,66.2
Wellington,2026-03-27,73.4
Wellington,2026-03-28,71.6
Sao Paulo,2026-02-11,80.6
Sao Paulo,2026-02-15,89.6
Sao Paulo,2026-02-16,95.0
Sao Paulo,2026-02-17,89.6
Sao Paulo,2026-02-18,87.8
Sao Paulo,2026-02-19,84.2
Sao Paulo,2026-02-20,89.6
Sao Paulo,2026-02-21,84.2
Sao Paulo,2026-02-22,80.6
Sao Paulo,2026-02-23,80.6
Sao Paulo,2026-02-24,82.4
Sao Paulo,2026-02-26,77.0
Sao Paulo,2026-02-25,84.2
Sao Paulo,2026-02-27,71.6
Sao Paulo,2026-02-28,77.0
Sao Paulo,2026-03-01,75.2
Sao Paulo,2026-03-02,77.0
Sao Paulo,2026-03-03,77.0
Sao Paulo,2026-03-04,78.8
Sao Paulo,2026-03-05,84.2
Sao Paulo,2026-03-06,80.6
Sao Paulo,2026-03-07,80.6
Sao Paulo,2026-03-08,82.4
Sao Paulo,2026-03-09,71.6
Sao Paulo,2026-03-11,71.6
Sao Paulo,2026-03-10,71.6
Sao Paulo,2026-03-12,71.6
Sao Paulo,2026-03-13,73.4
Sao Paulo,2026-03-14,84.2
Sao Paulo,2026-03-15,86.0
Sao Paulo,2026-03-16,89.6
Sao Paulo,2026-03-17,89.6
Sao Paulo,2026-03-18,86.0
Sao Paulo,2026-03-19,78.8
Sao Paulo,2026-03-20,78.8
Sao Paulo,2026-03-21,86.0
Sao Paulo,2026-03-22,86.0
Sao Paulo,2026-03-23,84.2
Sao Paulo,2026-03-24,86.0
Sao Paulo,2026-03-25,86.0
Sao Paulo,2026-03-26,86.0
Sao Paulo,2026-03-27,86.0
Sao Paulo,2026-03-28,86.0
Paris,2026-02-11,55.4
Paris,2026-02-15,44.6
Paris,2026-02-16,51.8
Paris,2026-02-17,46.4
Paris,2026-02-18,46.4
Paris,2026-02-19,50.0
Paris,2026-02-20,51.8
Paris,2026-02-21,60.8
Paris,2026-02-22,57.2
Paris,2026-02-23,60.8
Paris,2026-02-24,57.2
Paris,2026-02-26,66.2
Paris,2026-02-25,69.8
Paris,2026-02-27,59.0
Paris,2026-02-28,57.2
Paris,2026-03-01,55.4
Paris,2026-03-02,62.6
Paris,2026-03-03,62.6
Paris,2026-03-04,64.4
Paris,2026-03-05,64.4
Paris,2026-03-06,62.6
Paris,2026-03-07,62.6
Paris,2026-03-08,60.8
Paris,2026-03-09,64.4
Paris,2026-03-11,57.2
Paris,2026-03-10,60.8
Paris,2026-03-12,55.4
Paris,2026-03-13,53.6
Paris,2026-03-14,50.0
Paris,2026-03-15,55.4
Paris,2026-03-16,53.6
Paris,2026-03-17,62.6
Paris,2026-03-18,59.0
Paris,2026-03-19,62.6
Paris,2026-03-20,62.6
Paris,2026-03-21,60.8
Paris,2026-03-22,59.0
Paris,2026-03-23,60.8
Paris,2026-03-24,66.2
Paris,2026-03-25,55.4
Paris,2026-03-26,51.8
Paris,2026-03-27,51.8
Paris,2026-03-28,51.8
Lucknow,2026-03-05,93.2
Lucknow,2026-03-06,93.2
Lucknow,2026-03-07,93.2
Lucknow,2026-03-08,95.0
Lucknow,2026-03-09,96.8
Lucknow,2026-03-11,98.6
Lucknow,2026-03-10,93.2
Lucknow,2026-03-12,95.0
Lucknow,2026-03-13,96.8
Lucknow,2026-03-14,96.8
Lucknow,2026-03-15,95.0
Lucknow,2026-03-16,91.4
Lucknow,2026-03-17,95.0
Lucknow,2026-03-18,93.2
Lucknow,2026-03-19,95.0
Lucknow,2026-03-20,89.6
Lucknow,2026-03-21,82.4
Lucknow,2026-03-22,86.0
Lucknow,2026-03-23,87.8
Lucknow,2026-03-24,89.6
Lucknow,2026-03-25,91.4
Lucknow,2026-03-26,96.8
Lucknow,2026-03-27,89.6
Lucknow,2026-03-28,91.4
Munich,2026-03-05,57.2
Munich,2026-03-06,60.8
Munich,2026-03-07,60.8
Munich,2026-03-08,57.2
Munich,2026-03-09,59.0
Munich,2026-03-11,60.8
Munich,2026-03-10,62.6
Munich,2026-03-12,53.6
Munich,2026-03-13,62.6
Munich,2026-03-14,53.6
Munich,2026-03-15,46.4
Munich,2026-03-16,50.0
Munich,2026-03-17,44.6
Munich,2026-03-18,51.8
Munich,2026-03-19,55.4
Munich,2026-03-20,55.4
Munich,2026-03-21,51.8
Munich,2026-03-22,55.4
Munich,2026-03-23,55.4
Munich,2026-03-24,59.0
Munich,2026-03-25,59.0
Munich,2026-03-26,42.8
Munich,2026-03-27,44.6
Munich,2026-03-28,46.4
Tel Aviv,2026-03-11,73.4
Tel Aviv,2026-03-10,71.6
Tel Aviv,2026-03-12,71.6
Tel Aviv,2026-03-13,71.6
Tel Aviv,2026-03-14,78.8
Tel Aviv,2026-03-15,66.2
Tel Aviv,2026-03-16,66.2
Tel Aviv,2026-03-17,75.2
Tel Aviv,2026-03-18,86.0
Tel Aviv,2026-03-19,71.6
Tel Aviv,2026-03-20,71.6
Tel Aviv,2026-03-21,68.0
Tel Aviv,2026-03-22,66.2
Tel Aviv,2026-03-23,69.8
Tel Aviv,2026-03-24,68.0
Tel Aviv,2026-03-25,66.2
Tel Aviv,2026-03-26,62.6
Tel Aviv,2026-03-27,66.2
Tel Aviv,2026-03-28,75.2
Tokyo,2026-03-11,50.0
Tokyo,2026-03-10,48.2
Tokyo,2026-03-12,53.6
Tokyo,2026-03-13,48.2
Tokyo,2026-03-14,55.4
Tokyo,2026-03-15,57.2
Tokyo,2026-03-16,53.6
Tokyo,2026-03-17,55.4
Tokyo,2026-03-18,62.6
Tokyo,2026-03-19,64.4
Tokyo,2026-03-20,55.4
Tokyo,2026-03-21,59.0
Tokyo,2026-03-22,59.0
Tokyo,2026-03-23,59.0
Tokyo,2026-03-24,60.8
Tokyo,2026-03-25,55.4
Tokyo,2026-03-26,55.4
Tokyo,2026-03-27,60.8
Tokyo,2026-03-28,64.4
Hong Kong,2026-03-13,59.0
Hong Kong,2026-03-14,60.8
Hong Kong,2026-03-16,75.2
Hong Kong,2026-03-18,75.2
Hong Kong,2026-03-19,80.6
Hong Kong,2026-03-20,82.4
Hong Kong,2026-03-21,71.6
Hong Kong,2026-03-22,77.0
Hong Kong,2026-03-23,80.6
Hong Kong,2026-03-24,78.8
Hong Kong,2026-03-25,82.4
Hong Kong,2026-03-26,82.4
Shanghai,2026-03-13,55.4
Shanghai,2026-03-14,60.8
Shanghai,2026-03-15,59.0
Shanghai,2026-03-16,53.6
Shanghai,2026-03-17,53.6
Shanghai,2026-03-18,55.4
Shanghai,2026-03-19,53.6
Shanghai,2026-03-20,57.2
Shanghai,2026-03-21,57.2
Shanghai,2026-03-22,64.4
Shanghai,2026-03-23,60.8
Shanghai,2026-03-24,57.2
Shanghai,2026-03-25,60.8
Shanghai,2026-03-26,60.8
Shanghai,2026-03-27,66.2
Shanghai,2026-03-28,69.8
Singapore,2026-03-13,89.6
Singapore,2026-03-14,89.6
Singapore,2026-03-15,86.0
Singapore,2026-03-16,89.6
Singapore,2026-03-17,89.6
Singapore,2026-03-18,89.6
Singapore,2026-03-19,91.4
Singapore,2026-03-20,91.4
Singapore,2026-03-21,91.4
Singapore,2026-03-22,89.6
Singapore,2026-03-23,91.4
Singapore,2026-03-24,91.4
Singapore,2026-03-25,91.4
Singapore,2026-03-26,91.4
Singapore,2026-03-27,89.6
Singapore,2026-03-28,89.6
Milan,2026-03-16,68.0
Milan,2026-03-18,62.6
Milan,2026-03-19,57.2
Milan,2026-03-20,60.8
Milan,2026-03-21,60.8
Milan,2026-03-22,55.4
Milan,2026-03-23,60.8
Milan,2026-03-24,62.6
Milan,2026-03-25,62.6
Milan,2026-03-26,57.2
Milan,2026-03-27,60.8
Milan,2026-03-28,60.8
Madrid,2026-03-16,66.2
Madrid,2026-03-18,71.6
Madrid,2026-03-19,64.4
Madrid,2026-03-20,53.6
Madrid,2026-03-21,53.6
Madrid,2026-03-22,66.2
Madrid,2026-03-23,62.6
Madrid,2026-03-24,64.4
Madrid,2026-03-25,71.6
Madrid,2026-03-26,62.6
Madrid,2026-03-27,64.4
Madrid,2026-03-28,60.8
Warsaw,2026-03-16,53.6
Warsaw,2026-03-18,51.8
Warsaw,2026-03-19,57.2
Warsaw,2026-03-20,51.8
Warsaw,2026-03-21,51.8
Warsaw,2026-03-22,59.0
Warsaw,2026-03-23,59.0
Warsaw,2026-03-24,55.4
Warsaw,2026-03-25,59.0
Warsaw,2026-03-26,50.0
Warsaw,2026-03-27,50.0
Warsaw,2026-03-28,60.8
Taipei,2026-03-17,73.4
Taipei,2026-03-18,78.8
Taipei,2026-03-19,82.4
Taipei,2026-03-20,73.4
Taipei,2026-03-21,71.6
Taipei,2026-03-22,78.8
Taipei,2026-03-23,75.2
Taipei,2026-03-24,75.2
Taipei,2026-03-25,75.2
Taipei,2026-03-26,80.6
Taipei,2026-03-27,69.8
Taipei,2026-03-28,69.8
Chongqing,2026-03-21,62.6
Chongqing,2026-03-22,68.0
Chongqing,2026-03-23,69.8
Chongqing,2026-03-24,62.6
Chongqing,2026-03-25,62.6
Chongqing,2026-03-26,73.4
Chongqing,2026-03-27,62.6
Chongqing,2026-03-28,60.8
Beijing,2026-03-21,59.0
Beijing,2026-03-22,59.0
Beijing,2026-03-23,73.4
Beijing,2026-03-24,64.4
Beijing,2026-03-25,77.0
Beijing,2026-03-26,77.0
Beijing,2026-03-27,71.6
Beijing,2026-03-28,69.8
Wuhan,2026-03-21,59.0
Wuhan,2026-03-22,64.4
Wuhan,2026-03-23,68.0
Wuhan,2026-03-24,64.4
Wuhan,2026-03-25,69.8
Wuhan,2026-03-26,66.2
Wuhan,2026-03-27,75.2
Wuhan,2026-03-28,71.6
Chengdu,2026-03-21,71.6
Chengdu,2026-03-22,69.8
Chengdu,2026-03-24,66.2
Chengdu,2026-03-25,64.4
Chengdu,2026-03-26,75.2
Chengdu,2026-03-27,75.2
Chengdu,2026-03-28,75.2
Shenzhen,2026-03-21,84.2
Shenzhen,2026-03-22,77.0
Shenzhen,2026-03-23,80.6
Shenzhen,2026-03-24,78.8
Shenzhen,2026-03-25,82.4
Shenzhen,2026-03-26,84.2
Shenzhen,2026-03-27,77.0
Shenzhen,2026-03-28,82.4
Austin,2026-03-24,86.5
Austin,2026-03-25,88.5
Austin,2026-03-26,88.5
Austin,2026-03-27,86.5
Austin,2026-03-28,72.5
Houston,2026-03-24,80.5
Houston,2026-03-25,82.5
Houston,2026-03-26,82.5
Houston,2026-03-27,84.5
Houston,2026-03-28,74.5
San Francisco,2026-03-24,74.0
San Francisco,2026-03-25,68.5
San Francisco,2026-03-26,70.5
San Francisco,2026-03-27,76.5
San Francisco,2026-03-28,72.5
